순번,담당,기업명
3001,7번,케이씨에이
3002,7번,신성에이스
3003,7번,하나레미콘
3004,7번,디카에스
3005,7번,와이앤텍
3006,7번,세일창조
3007,7번,태조상사
3008,7번,태원니들
3009,7번,송파문화원
3010,7번,콘텐츠쿡
3011,7번,코드원
3012,7번,서진
3013,7번,에버테크놀로지
3014,7번,에이치제이에스물류
3015,7번,한국앱티브
3016,7번,씨엔에이치엔지니어링
3017,7번,백일
3018,7번,광일종합건설
3019,7번,주원푸드
3020,7번,오제이팜스
3021,7번,대림
3022,7번,동호엠엔지
3023,7번,부창텍스피아
3024,7번,디렉터마켓
3025,7번,상상누리
3026,7번,유한팩
3027,7번,와이로지스
3028,7번,공간타라
3029,7번,순수한둠비
3030,7번,건축사사무소알엔케이
3031,7번,새아머스
3032,7번,성은건설
3033,7번,장흥비아이티
3034,7번,네이버랩스
3035,7번,타워랜드
3036,7번,풍기인견편직
3037,7번,나우테크
3038,7번,행주치마
3039,7번,행복종합엔지니어링건축사사무소
3040,7번,한국클린푸드
3041,7번,아이랑놀기짱
3042,7번,엠비디자인
3043,7번,뉴파스
3044,7번,진주시복지재단
3045,7번,삼안환경측정
3046,7번,대원산업
3047,7번,켐믹스바이오
3048,7번,코리아세븐무교삼호점
3049,7번,마이콤마
3050,7번,코리아벨로우즈
3051,7번,정우동현종합건설
3052,7번,아이디엠램프
3053,7번,한국문인협회
3054,7번,건축사사무소동이
3055,7번,경부엔지니어링
3056,7번,이펙트코퍼레이션
3057,7번,테크트리
3058,7번,대부농산
3059,7번,대한컨설팅그룹
3060,7번,엔오비즈
3061,7번,녹선
3062,7번,풍농그린파트너스
3063,7번,사회복지법인아이사랑어린이집
3064,7번,서린
3065,7번,정도개발
3066,7번,경북교육개발
3067,7번,중앙아스콘
3068,7번,송우산업
3069,7번,씨에스산전
3070,7번,제이피건설
3071,7번,삼일감정평가법인(주)경남중부지사
3072,7번,무진에프이앤씨
3073,7번,티제이이앤지
3074,7번,브레인기어
3075,7번,창조종합건축사사무소
3076,7번,윌로우팜
3077,7번,백마세라믹
3078,7번,티이오
3079,7번,인포스탁
3080,7번,프리미어에듀케이션
3081,7번,루밍
3082,7번,미광전기
3083,7번,더쎄븐파트너스
3084,7번,대양전기
3085,7번,대화테크
3086,7번,엘유티
3087,7번,누보
3088,7번,제이와이씨글로벌
3089,7번,동행연우회
3090,7번,제이에스지테크
3091,7번,아키스타건축사사무소
3092,7번,태광플랜트
3093,7번,인터트레이드앤테크놀로지스코리아
3094,7번,보국
3095,7번,텐버즈
3096,7번,디에스티
3097,7번,광명아이앤씨
3098,7번,남양견직
3099,7번,한신이엔씨
3100,7번,디멕스
3101,7번,테라리더
3102,7번,강남고속관광
3103,7번,대림메탈산업
3104,7번,우리엔아이에스
3105,7번,무한개발
3106,7번,진보이앤지
3107,7번,원진
3108,7번,아성
3109,7번,엠아이전략연구소
3110,7번,세일신용정보(주)서부지점
3111,7번,극동에프앤씨
3112,7번,신망애이룸터
3113,7번,이화물산
3114,7번,에이치산업개발
3115,7번,한전산업개발(주)남제주사업소
3116,7번,한백코퍼레이션
3117,7번,동의휴먼연구소
3118,7번,한국지식재산보호원
3119,7번,와이티엔지니어링
3120,7번,아워홈엘지전자서초점
3121,7번,에스엘정보통신
3122,7번,신일테크
3123,7번,우진바이오
3124,7번,엘지상남언론재단
3125,7번,올레
3126,7번,하이모강릉지점
3127,7번,밀란인터내쇼날의정부
3128,7번,부원엔지니어링
3129,7번,다원테크
3130,7번,평강바이오
3131,7번,에브리원
3132,7번,에스비엠텔레콤
3133,7번,송학식품
3134,7번,근원종합건설
3135,7번,다이나믹미디어
3136,7번,코아테크
3137,7번,송죽하나로건설
3138,7번,코펜마린
3139,7번,효산
3140,7번,원진물산
3141,7번,소림
3142,7번,정원코퍼레이션
3143,7번,평구로지스
3144,7번,제이아트컨벤션
3145,7번,제이에이치티
3146,7번,승빈종합건설
3147,7번,이레조경건설
3148,7번,근도상사
3149,7번,키푸디
3150,7번,장평건설안산지점
3151,7번,오션브릿지
3152,7번,캠럭스
3153,7번,대진이노베이션
3154,7번,위즈마인소프트
3155,7번,프로제이엔
3156,7번,씽크라이크펫
3157,7번,우담씨앤씨
3158,7번,케이비엠산업
3159,7번,한국전자입찰연구소
3160,7번,더모스트
3161,7번,더파이낸셜어드바이저리그룹
3162,7번,디자인오
3163,7번,탑스이일일
3164,7번,위드앤아이티
3165,7번,천인이엠
3166,7번,조운종합개발
3167,7번,호서문화유산연구원
3168,7번,영남이엔지
3169,7번,유로로지스
3170,7번,가림전기
3171,7번,케이와이케이종합건설
3172,7번,피앤씨테크놀로지
3173,7번,한국수산회
3174,7번,덕신엔지니어링
3175,7번,티에스피코퍼레이션
3176,7번,에이치앤에이치그룹
3177,7번,영건설
3178,7번,목포대학교산학협력단
3179,7번,비엘디
3180,7번,그린환경
3181,7번,세연인터내셔널
3182,7번,씨엠트레이딩
3183,7번,아크인트레이딩
3184,7번,에이엘티
3185,7번,태성전력
3186,7번,삼지금속공업
3187,7번,진명아이앤씨
3188,7번,세광정보통신
3189,7번,아트매틱컴퍼니
3190,7번,컴파스코리아
3191,7번,에스에이치원
3192,7번,송정산업
3193,7번,디엠종합건설
3194,7번,어비스텍
3195,7번,세븐일레븐대구본리중앙점
3196,7번,디엔피코리아
3197,7번,합일포장건설
3198,7번,엠온솔루션
3199,7번,가람이엔씨
3200,7번,하니웰애널리틱스
3201,7번,동양자산관리대부
3202,7번,대성특수산업
3203,7번,세광전기
3204,7번,넥스트씨앤씨
3205,7번,원성종합건설
3206,7번,근인건설
3207,7번,사단법인한국전자정보통신산업진흥회
3208,7번,거산
3209,7번,대풍
3210,7번,디지테크
3211,7번,케이메탈
3212,7번,가락건설
3213,7번,세진판넬
3214,7번,씨엠코리아
3215,7번,에이에스이 칠곡지점
3216,7번,보람상조실로암
3217,7번,아카데미전력
3218,7번,청담산업개발
3219,7번,주원아이엔아이
3220,7번,에스티원즈
3221,7번,금성건설
3222,7번,남영전구대전영업소
3223,7번,대성에너지
3224,7번,광호
3225,7번,스카이라인스포츠
3226,7번,한일산업(주)아산공장
3227,7번,페르소나미디어
3228,7번,도온이엔지
3229,7번,백송
3230,7번,인평
3231,7번,레벨13
3232,7번,지에스수퍼울산구영점
3233,7번,생활살균연구소
3234,7번,에이치엠피
3235,7번,가나씨앤피
3236,7번,홈그린시스템
3237,7번,삼보전기
3238,7번,케이원피에스
3239,7번,에코라인
3240,7번,에스더블유건설
3241,7번,대륭강업
3242,7번,신화농축
3243,7번,동양메디텍
3244,7번,태광스크랩
3245,7번,우리기술
3246,7번,푸르모디티
3247,7번,지에스칼텍스(주)조양주유소
3248,7번,청운테크제삼공장
3249,7번,신일전산
3250,7번,전산컴프라자
3251,7번,레오랩스
3252,7번,티에스씨
3253,7번,닛소남해아그로
3254,7번,서진금속
3255,7번,닷썸
3256,7번,와이티피건설
3257,7번,재보건설
3258,7번,프리코어
3259,7번,심장학연구재단
3260,7번,대우정보시스템(주)지점
3261,7번,금강
3262,7번,고려노벨화약영동공장
3263,7번,빅펌킨
3264,7번,레오건설
3265,7번,네오텔레콤
3266,7번,동륭실업
3267,7번,삼우티이에스
3268,7번,제원
3269,7번,세움디자인빌드
3270,7번,오몰래
3271,7번,유림개발
3272,7번,에스티엔
3273,7번,부흥물류
3274,7번,아이플래테아
3275,7번,한국씨에이이컨설팅
3276,7번,엠에스라인이엔지
3277,7번,에스디
3278,7번,하당코오롱스포츠
3279,7번,경일산업개발
3280,7번,영신화공
3281,7번,케이디씨
3282,7번,주주텍스타일
3283,7번,미래기술
3284,7번,클레버
3285,7번,비케이전기통신
3286,7번,대일특수강
3287,7번,홍진테크
3288,7번,티에스에이
3289,7번,이지웰
3290,7번,광우정보통신
3291,7번,진바이오테크
3292,7번,새마을운동마산시지회
3293,7번,노원교육복지재단
3294,7번,성모산업개발
3295,7번,에스디씨컨스트룩
3296,7번,태명
3297,7번,제이더블유에너지
3298,7번,피유테크
3299,7번,제주그린팜
3300,7번,엘소
3301,7번,소몬
3302,7번,에이켐텍
3303,7번,엔시큐리티
3304,7번,티시
3305,7번,글로벌허브
3306,7번,혜성원
3307,7번,블루엔지니어링
3308,7번,케이스타일허브
3309,7번,이음
3310,7번,허브시스템즈
3311,7번,루미큐브
3312,7번,이노팍스
3313,7번,이에스미트
3314,7번,메타약품
3315,7번,케이씨에프
3316,7번,대야엠티
3317,7번,코스켐
3318,7번,태평양감정평가법인부산경남지사
3319,7번,영남통신
3320,7번,힘찬푸드
3321,7번,금양기업
3322,7번,옴니매니지먼트
3323,7번,에스앤에스
3324,7번,태암네크워크
3325,7번,대양물산
3326,7번,테크플럭스
3327,7번,농업회사법인이롬비료
3328,7번,참신한우
3329,7번,아성모드
3330,7번,원플러스홈닥터크린하우스
3331,7번,우진종합산업개발
3332,7번,신용상사
3333,7번,유모스트
3334,7번,동우엔지니어링
3335,7번,이엔티컴
3336,7번,잭슨카멜레온
3337,7번,디에이치씨공조
3338,7번,대해일렉스
3339,7번,선진전력
3340,7번,사이시옷
3341,7번,티에스엠테크놀로지
3342,7번,세기엔지니어링
3343,7번,인더짐앤키즈킹
3344,7번,유림테크
3345,7번,하이패스텔
3346,7번,우성디앤씨
3347,7번,퓨젠바이오
3348,7번,경양수산
3349,7번,보문건설
3350,7번,바른이앤씨
3351,7번,매디브
3352,7번,아그루코리아
3353,7번,이레전기안전
3354,7번,롯데디에프리테일(주)코엑스점
3355,7번,성산전력
3356,7번,카나
3357,7번,와이에스씨
3358,7번,코드쓰리
3359,7번,태성자동차부품
3360,7번,휴스트
3361,7번,한국라디에터
3362,7번,플러스엠디
3363,7번,세연종합건설
3364,7번,에이앤지테크
3365,7번,바리센
3366,7번,성지산전
3367,7번,그린앤테크
3368,7번,매직덩크
3369,7번,컨넥티드
3370,7번,동성훼미리관광
3371,7번,김천중앙운수
3372,7번,뉴그린
3373,7번,대성영농조합법인
3374,7번,충호건설기계
3375,7번,한국경영아카데미
3376,7번,청호산업기술
3377,7번,디에스산업
3378,7번,정한스틸
3379,7번,디비케이
3380,7번,와이제이종합건설
3381,7번,디지탈조명
3382,7번,케이에스하이테크
3383,7번,팜포스
3384,7번,웰릭스파트너스
3385,7번,자인이씨엘
3386,7번,여의도엠비씨부지복합개발피에프브이
3387,7번,티에스케이
3388,7번,세웅건설
3389,7번,에이치시스템
3390,7번,믿음수산유통
3391,7번,조영이엔씨
3392,7번,효자건설
3393,7번,에이에스에이피2015
3394,7번,세중운개발
3395,7번,토우이엔씨
3396,7번,제일기공
3397,7번,신라버스
3398,7번,엠에스
3399,7번,글로벌정보통신
3400,7번,지디
3401,7번,인우이엔씨
3402,7번,초이테크
3403,7번,가마물류
3404,7번,주택관리공단(주)광주양림이관리소
3405,7번,전기공사공제조합장학회
3406,7번,춘수장학회
3407,7번,참연푸드웰
3408,7번,한국산업경제개발원
3409,7번,문영종합개발
3410,7번,리건홀딩스
3411,7번,파이퀀트
3412,7번,상지학원
3413,7번,상명테크
3414,7번,이앤비정보통신
3415,7번,창원종합관리
3416,7번,이노폴리
3417,7번,에이몬소프트
3418,7번,스마트로지스틱
3419,7번,아람건축디자인
3420,7번,씨에스포넷
3421,7번,학산타워
3422,7번,제이슨컴퍼니
3423,7번,아프로정보통신
3424,7번,금광종합건설
3425,7번,케이마린엘엔지
3426,7번,오썸피아
3427,7번,유앤에스에너지
3428,7번,베올리아에코사이클
3429,7번,에이디
3430,7번,테마종합건설
3431,7번,성운건설
3432,7번,영농조합법인참좋은가평비료
3433,7번,세왕금속
3434,7번,인송정보통신
3435,7번,시대건업
3436,7번,에프엠에스역삼지점
3437,7번,강원렌탈운수
3438,7번,비앤비
3439,7번,한국코스코
3440,7번,비즈웨이
3441,7번,도듬건설
3442,7번,홍우엔지니어링
3443,7번,아람피엠씨
3444,7번,서진건설
3445,7번,세양엔지니어링
3446,7번,한국유전자정보연구원
3447,7번,우양산업개발(주)힐튼경주지점
3448,7번,일성전기
3449,7번,월드시스템
3450,7번,코이실
3451,7번,풍천정보네트웍
3452,7번,벌교화물
3453,7번,엔쓰리엔
3454,7번,플러스모던
3455,7번,이너텍시스템즈
3456,7번,성월
3457,7번,참다온
3458,7번,협선공업
3459,7번,서림점현대자동차
3460,7번,원더씨앤티
3461,7번,다성코퍼레이션
3462,7번,유성단조
3463,7번,창진건축엔지니어링
3464,7번,렛츠정보통신
3465,7번,대열레미콘
3466,7번,쌍용상사
3467,7번,민안종합건설
3468,7번,한성엔텍
3469,7번,지아이시
3470,7번,코엠산업
3471,7번,의료법인산동의료재단산동요양
3472,7번,더매버릭스
3473,7번,디에스엘
3474,7번,화성개발
3475,7번,루고랩스
3476,7번,이테크시스템
3477,7번,티아모
3478,7번,구미인의주공관리소
3479,7번,성신에이엘에스
3480,7번,베제사이데알
3481,7번,대구청출람배움터
3482,7번,선봉인더스트리
3483,7번,초록뱀미디어
3484,7번,천하자동차
3485,7번,아트포름
3486,7번,부건건설
3487,7번,스판링크
3488,7번,2018평창기념재단
3489,7번,디오슨
3490,7번,지에스에프
3491,7번,제일전력공사
3492,7번,대주인텔리전스
3493,7번,부여백제연잎밥
3494,7번,디앤제이하우징
3495,7번,한경글로벌뉴스네트워크
3496,7번,다섬건설
3497,7번,금우사
3498,7번,나래테크
3499,7번,에이치아이이엔지
3500,7번,진일엔지니어링
